arch,subset,lkey,layer,probe_type,n_runs,balanced_accuracy_mean,selectivity_mean,control_balanced_accuracy_mean,raw_accuracy_mean,majority_baseline_mean,balanced_accuracy_std,selectivity_std,control_balanced_accuracy_std,raw_accuracy_std,majority_baseline_std,layer_index
character_separated,all,0,enc0,linear,12,0.6678301958983778,0.18335428145087232,0.4844759144475053,0.8356048118548118,0.8939393939393939,0.11011000418920969,0.1240384525982739,0.019967292302557765,0.06075054460058481,0.0,
character_separated,all,1,enc1,linear,12,0.6695738636363636,0.16498174931129472,0.5045921143250689,0.8476950826950826,0.8939393939393939,0.12246383716922188,0.12420942902459263,0.014916220393065005,0.05946955678277716,0.0,
character_separated,all,2,enc2,linear,12,0.6530725818794,0.1513783861340679,0.5016941957453321,0.8451166888666889,0.8939393939393939,0.13760286849831146,0.14799200628289738,0.018760885624045546,0.05645397846081452,0.0,
character_separated,all,3,enc3,linear,12,0.6579046143250689,0.16639713422099783,0.491507480104071,0.8484065934065934,0.8939393939393939,0.13107552817822632,0.16267579296027662,0.039275910271085394,0.052828976505249016,0.0,
character_separated,all,100,dec0,linear,12,0.6966813016528927,0.1801084710743802,0.5165728305785123,0.8509383671883671,0.8939393939393939,0.12057053950489494,0.1303510406669212,0.034186950442869006,0.07183577827838732,0.0,
character_separated,all,101,dec1,linear,12,0.6741135789715336,0.15690536042240585,0.5172082185491277,0.842273976023976,0.8939393939393939,0.10572029397896437,0.1394157067939135,0.047438692907901946,0.05288149493611233,0.0,
character_separated,all,102,dec2,linear,12,0.6703711355984083,0.1787813552188552,0.4915897803795531,0.8425901875901877,0.8939393939393939,0.12922059420871068,0.12277883279628386,0.019416008905296527,0.0648170442648562,0.0,
character_separated,all,103,dec3,linear,12,0.6457558539944904,0.15572040480563207,0.4900354491888583,0.8348869186369187,0.8939393939393939,0.1341773434268876,0.11511248376377246,0.023716791147004885,0.0801722096407176,0.0,
character_separated,all,0,enc0,mlp,12,0.5650536616161616,0.07149994260789717,0.49355371900826445,0.8244080919080918,0.8939393939393939,0.12943530829808148,0.1379540738995775,0.02212538140351985,0.049746892955045814,0.0,
character_separated,all,1,enc1,mlp,12,0.5748105104071013,0.07309379782675236,0.5017167125803489,0.8246504884004883,0.8939393939393939,0.11627456075683792,0.11558776006385127,0.012118871697880477,0.046049891134289596,0.0,
character_separated,all,2,enc2,mlp,12,0.6086113024181207,0.1201314470462198,0.4884798553719008,0.8202695915195916,0.8939393939393939,0.14146032334242084,0.16165457223782384,0.022930422828224096,0.050047950031391314,0.0,
character_separated,all,3,enc3,mlp,12,0.6239193067033976,0.14104354147535964,0.48287576522803793,0.8344420856920857,0.8939393939393939,0.11555096877051542,0.11941864090660613,0.021443220726202677,0.04652931759781585,0.0,
character_separated,all,100,dec0,mlp,12,0.6357785238751148,0.11635072314049588,0.5194278007346189,0.8316210178710178,0.8939393939393939,0.1424281224683694,0.16362173750234155,0.030284162469054465,0.05473770140806045,0.0,
character_separated,all,101,dec1,mlp,12,0.6215382996632997,0.11292120064279158,0.5086170990205081,0.8294352869352869,0.8939393939393939,0.1280159833772796,0.14106834334733465,0.019282489781875693,0.054073533455027877,0.0,
character_separated,all,102,dec2,mlp,12,0.60078407177839,0.11841322314049586,0.4823708486378941,0.8205821955821956,0.8939393939393939,0.10042872264475904,0.11675273895740361,0.022880271804394472,0.051271702239346975,0.0,
character_separated,all,103,dec3,mlp,12,0.5923148148148148,0.07135357361493723,0.5209612411998775,0.8198534798534798,0.8939393939393939,0.11805642630961356,0.11081210920664737,0.02570369138879643,0.05492208127907923,0.0,
character_separated,stemfinal_differ,0,enc0,linear,12,0.6347250432512529,0.07971838120742006,0.5550066620438329,0.6349867988247847,0.6719931104766013,0.17549753590213366,0.22486268785372074,0.05366668573501926,0.19040936250855386,0.06706802074877764,
character_separated,stemfinal_differ,1,enc1,linear,12,0.6883121945259042,0.07660936974128797,0.6117028247846162,0.6806935511000661,0.6719931104766013,0.1652121034988225,0.09850071673532708,0.07980765944199608,0.1813156676923421,0.06706802074877764,
character_separated,stemfinal_differ,2,enc2,linear,12,0.6738816840641437,0.1438641633278622,0.5300175207362815,0.6632687688192828,0.6719931104766013,0.16167092884888196,0.1938104977741917,0.039792686657982745,0.18023945035053654,0.06706802074877764,
character_separated,stemfinal_differ,3,enc3,linear,12,0.703451023289733,0.15531822557412123,0.5481327977156117,0.6913121453735115,0.6719931104766013,0.1389055918318885,0.17221075573950495,0.062315894327778135,0.1665712116763312,0.06706802074877764,
character_separated,stemfinal_differ,100,dec0,linear,12,0.6802603555718475,0.13783737258954767,0.5424229829822999,0.6876764612920011,0.6719931104766013,0.1062377979699295,0.1233387624210883,0.02221377632433125,0.11221905008388251,0.06706802074877764,
character_separated,stemfinal_differ,101,dec1,linear,12,0.7335000421845179,0.2370759360431313,0.4964241061413866,0.7255190265354882,0.6719931104766013,0.076857570030688,0.07576312032272596,0.10470955836630351,0.09001075300353127,0.06706802074877764,
character_separated,stemfinal_differ,102,dec2,linear,12,0.7242169884327142,0.22563405503934683,0.49858293339336734,0.7301094864941383,0.6719931104766013,0.09788496906728973,0.08751756461037768,0.05531422152199341,0.10144120698027491,0.06706802074877764,
character_separated,stemfinal_differ,103,dec3,linear,12,0.6875248874109761,0.15673551020299156,0.5307893772079845,0.6847547571330702,0.6719931104766013,0.0968605205473377,0.0654177215569328,0.04871646446842085,0.1024407838024132,0.06706802074877764,
character_separated,stemfinal_differ,0,enc0,mlp,12,0.6627733658590513,0.22674202347022807,0.4360313423888233,0.6575960100581894,0.6719931104766013,0.15023991120717006,0.1535133247285321,0.031073237324113562,0.16898880232474592,0.06706802074877764,
character_separated,stemfinal_differ,1,enc1,mlp,12,0.682993336300796,0.2050802170742139,0.47791311922658203,0.652856591242343,0.6719931104766013,0.15664698442930702,0.1764181005650609,0.04452924853124743,0.17268141026616812,0.06706802074877764,
character_separated,stemfinal_differ,2,enc2,mlp,12,0.6895343163780664,0.17175126530286391,0.5177830510752024,0.6611312126107219,0.6719931104766013,0.14141789802929752,0.1574494675008836,0.030620647894395985,0.1550472444123093,0.06706802074877764,
character_separated,stemfinal_differ,3,enc3,mlp,12,0.7315905847065122,0.303697896740051,0.42789268796646107,0.7057402139169667,0.6719931104766013,0.1277474593915378,0.1763724683597783,0.06040375555160601,0.14784430088634293,0.06706802074877764,
character_separated,stemfinal_differ,100,dec0,mlp,12,0.7126855779375941,0.219957720758577,0.492727857179017,0.7271648635374423,0.6719931104766013,0.09478534988797269,0.06900637252013948,0.047295105017626085,0.11862271314769017,0.06706802074877764,
character_separated,stemfinal_differ,101,dec1,mlp,12,0.7376025112879953,0.22539451563634305,0.5122079956516521,0.7462952511758291,0.6719931104766013,0.050020964503282916,0.06576963175124909,0.027876530098646247,0.056547748858598396,0.06706802074877764,
character_separated,stemfinal_differ,102,dec2,mlp,12,0.7262262021132989,0.26421330605074417,0.4620128960625547,0.7241287987681345,0.6719931104766013,0.05167349378810355,0.06736437595880113,0.07969586852490967,0.04991533746912979,0.06706802074877764,
character_separated,stemfinal_differ,103,dec3,mlp,12,0.6887285411720896,0.1487668645040722,0.5399616766680173,0.6738860950760966,0.6719931104766013,0.08394665457087105,0.12708550214507575,0.06901857482847701,0.08910772488841874,0.06706802074877764,
character_separated,stemfinal_same,0,enc0,linear,12,0.5823682932098299,0.10643170475699319,0.47593658845283665,0.8630006024446187,0.9664402502608033,0.1749263145357924,0.13561010746424462,0.041258751486650286,0.07381766418181031,0.006704415254260537,
character_separated,stemfinal_same,1,enc1,linear,12,0.5797558030510356,0.1026010467611701,0.4771547562898654,0.8839367103925428,0.9664402502608033,0.16634787733513226,0.13548659842771818,0.035133790089167186,0.059484225343172936,0.006704415254260537,
character_separated,stemfinal_same,2,enc2,linear,12,0.5900835767466363,0.07252461365862477,0.5175589630880116,0.8896117150713314,0.9664402502608033,0.16552648586076132,0.17993634850853793,0.020190967144349876,0.05178573700997792,0.006704415254260537,
character_separated,stemfinal_same,3,enc3,linear,12,0.6138700035494694,0.10170519690790018,0.5121648066415693,0.9036960298208584,0.9664402502608033,0.1610683524358476,0.15988438180035028,0.026534352213897886,0.048313820658589635,0.006704415254260537,
character_separated,stemfinal_same,100,dec0,linear,12,0.6178060075199728,0.10245084251143488,0.5153551650085378,0.9161790431639112,0.9664402502608033,0.15632118509354356,0.16549934036070038,0.028942385512555114,0.042989164284357305,0.006704415254260537,
character_separated,stemfinal_same,101,dec1,linear,12,0.6123665521911802,0.0981927860488292,0.514173766142351,0.906076545492787,0.9664402502608033,0.13885925234188948,0.14539924605697457,0.01666062243076676,0.04173169883479941,0.006704415254260537,
character_separated,stemfinal_same,102,dec2,linear,12,0.6088155251947407,0.1376820099144915,0.47113351528024916,0.9105824039824255,0.9664402502608033,0.15045303974750374,0.13095420230377317,0.03620302677836642,0.048089569661680896,0.006704415254260537,
character_separated,stemfinal_same,103,dec3,linear,12,0.5879696092741072,0.06734826911420999,0.5206213401598974,0.9124694621517954,0.9664402502608033,0.1428904063123537,0.15463244362691592,0.03291379399640431,0.04842256142155371,0.006704415254260537,
character_separated,stemfinal_same,0,enc0,mlp,12,0.575780742325821,0.045817297548019977,0.529963444777801,0.8936652595653004,0.9664402502608033,0.1601871541923861,0.17213410793899095,0.02489323922182235,0.03477555221444133,0.006704415254260537,
character_separated,stemfinal_same,1,enc1,mlp,12,0.5474954368953647,0.038852331689119356,0.5086431052062453,0.8931524387802257,0.9664402502608033,0.13626321439807557,0.15252076174803766,0.025578942614178684,0.031003491625351078,0.006704415254260537,
character_separated,stemfinal_same,2,enc2,mlp,12,0.5655252920756239,0.07860465742469877,0.4869206346509251,0.8872086967104814,0.9664402502608033,0.14140338598250182,0.16550015567910398,0.030074333478304578,0.030848041732829595,0.006704415254260537,
character_separated,stemfinal_same,3,enc3,mlp,12,0.5851108101809129,0.09260067463991195,0.4925101355410011,0.8997285466193002,0.9664402502608033,0.14190772061071988,0.1409720187802129,0.012288558337921378,0.017608828622103657,0.006704415254260537,
character_separated,stemfinal_same,100,dec0,mlp,12,0.5983912107204152,0.08419494603870468,0.5141962646817105,0.8983352535082497,0.9664402502608033,0.13768836849695879,0.1565755157486323,0.026119067045468958,0.029728515626939123,0.006704415254260537,
character_separated,stemfinal_same,101,dec1,mlp,12,0.5940417745874744,0.09192457588225461,0.5021171987052199,0.8963523562109056,0.9664402502608033,0.13065892305126572,0.13420635763124017,0.011005299265233238,0.03417164304180175,0.006704415254260537,
character_separated,stemfinal_same,102,dec2,mlp,12,0.5821666481007864,0.08385871218978803,0.49830793591099837,0.8938480400244372,0.9664402502608033,0.13721784843349846,0.14248233505331614,0.01404949070915179,0.04102899984053646,0.006704415254260537,
character_separated,stemfinal_same,103,dec3,mlp,12,0.5705431133284742,0.07460285470407323,0.495940258624401,0.8891070343586938,0.9664402502608033,0.1384548470354248,0.12020677087878624,0.03347461606396129,0.052439126557419134,0.006704415254260537,
feature_geometric,all,0,enc0,linear,12,0.6962861570247934,0.20160315273951634,0.494683004285277,0.8659222721722721,0.8939393939393939,0.08885693931528528,0.10853432994640762,0.027490722185343153,0.05550272906815066,0.0,
feature_geometric,all,1,enc1,linear,12,0.7052068028772575,0.19520209090101368,0.5100047119762438,0.8566691641691642,0.8939393939393939,0.08644915512398631,0.08789527860718711,0.010028008671202134,0.06259325636816185,0.0,
feature_geometric,all,2,enc2,linear,12,0.7173985116314662,0.22018049816345267,0.4972180134680135,0.8657210844710845,0.8939393939393939,0.10226376717303351,0.1073579184460738,0.010998318960668588,0.06416231747705271,0.0,
feature_geometric,all,3,enc3,linear,12,0.7235615625956536,0.2393955132154375,0.48416604938021596,0.8770933233433235,0.8939393939393939,0.09026393101661738,0.1120134657982413,0.027364245446645966,0.0517948530526031,0.0,
feature_geometric,all,100,dec0,linear,12,0.6730979300581573,0.17205697720897825,0.5010409528491789,0.8653790653790655,0.8939393939393939,0.08988449752793633,0.10529734101561505,0.025724261754630443,0.036494138768045865,0.0,
feature_geometric,all,101,dec1,linear,12,0.683607380624426,0.16946860326265678,0.5141387773617693,0.8736315073815074,0.8939393939393939,0.12990054778553398,0.16533615032119894,0.047240501302502604,0.047860919393192106,0.0,
feature_geometric,all,102,dec2,linear,12,0.7013115052035507,0.2157356328435874,0.48557587235996325,0.877826479076479,0.8939393939393939,0.13600406899849246,0.12812080089239344,0.01703089276272975,0.049454050857495005,0.0,
feature_geometric,all,103,dec3,linear,12,0.668604797979798,0.1830779576063667,0.48552684037343125,0.8402818015318015,0.8939393939393939,0.12307682133187522,0.12519921109576962,0.019474346722373463,0.06721637738032575,0.0,
feature_geometric,all,0,enc0,mlp,12,0.611830808080808,0.1262684300776926,0.48556237800311547,0.8504673104673105,0.8939393939393939,0.11061715108745025,0.12501538799122963,0.020146653144370117,0.04732576640931386,0.0,
feature_geometric,all,1,enc1,mlp,12,0.6165791437098256,0.11851939321491743,0.498059750494908,0.8515200077700079,0.8939393939393939,0.07738474232085649,0.06899337528830582,0.017353341584839962,0.03730716439823191,0.0,
feature_geometric,all,2,enc2,mlp,12,0.6424936868686869,0.15843013724882846,0.48406354961985837,0.8519488844488845,0.8939393939393939,0.09808199131776642,0.09785202149249055,0.014912082574968009,0.040051760871528966,0.0,
feature_geometric,all,3,enc3,mlp,12,0.637509756657484,0.14206856290198747,0.4954411937554964,0.8484754134754136,0.8939393939393939,0.09098210699886901,0.09404761359859953,0.027197778441725863,0.03703567666231217,0.0,
feature_geometric,all,100,dec0,mlp,12,0.6645307239057239,0.1539352285130722,0.5105954953926516,0.8674715562215561,0.8939393939393939,0.09722504502119482,0.11751140273721325,0.029896156184477034,0.0432547591947119,0.0,
feature_geometric,all,101,dec1,mlp,12,0.6916140572390571,0.18725432102014095,0.5043597362189162,0.8823054723054723,0.8939393939393939,0.11239887141486668,0.11974881837036433,0.02360426816193832,0.045145444408783694,0.0,
feature_geometric,all,102,dec2,mlp,12,0.690608164983165,0.17949991687890463,0.5111082481042604,0.8779449716949718,0.8939393939393939,0.11476859269685259,0.1095797876527556,0.020666635851835924,0.04464388772429992,0.0,
feature_geometric,all,103,dec3,mlp,12,0.6179051882460973,0.08453034232807682,0.5333748459180204,0.8264520202020202,0.8939393939393939,0.13513417888733326,0.14873075947826397,0.027160699196132253,0.05497395009485278,0.0,
feature_geometric,stemfinal_differ,0,enc0,linear,12,0.6412966371665968,0.1056267729158521,0.5356698642507447,0.6376440961764155,0.6719931104766013,0.17855789408030306,0.207702257878635,0.037278801529845085,0.17830559801692933,0.06706802074877764,
feature_geometric,stemfinal_differ,1,enc1,linear,12,0.6887109589559186,0.09505501559402489,0.5936559433618936,0.688998902270438,0.6719931104766013,0.16687255562459954,0.13806427291569212,0.0919110409125941,0.17489428096687945,0.06706802074877764,
feature_geometric,stemfinal_differ,2,enc2,linear,12,0.7011347198948005,0.18343056481555528,0.5177041550792453,0.6964608643509081,0.6719931104766013,0.1697653345436568,0.16766518451516796,0.05966076653019881,0.1742721819710259,0.06706802074877764,
feature_geometric,stemfinal_differ,3,enc3,linear,12,0.7295630076688545,0.18309138689082652,0.5464716207780279,0.7273643474273498,0.6719931104766013,0.18400078881483786,0.21633247704817013,0.07072487164842639,0.179656291511249,0.06706802074877764,
feature_geometric,stemfinal_differ,100,dec0,linear,12,0.7028396362821766,0.1495029624412851,0.5533366738408915,0.6927792103339986,0.6719931104766013,0.17385774087831032,0.1754998844572356,0.04096257077114043,0.1664060127059466,0.06706802074877764,
feature_geometric,stemfinal_differ,101,dec1,linear,12,0.7457681117046037,0.2880311235511281,0.4577369881534754,0.7402833258031079,0.6719931104766013,0.18211878975713694,0.16668660353244477,0.08735046228113638,0.1718505698473743,0.06706802074877764,
feature_geometric,stemfinal_differ,102,dec2,linear,12,0.7273388624144673,0.22268172898752944,0.5046571334269377,0.7264473306356997,0.6719931104766013,0.13513744258003316,0.14847887383013686,0.04172868094958323,0.13798992447796649,0.06706802074877764,
feature_geometric,stemfinal_differ,103,dec3,linear,12,0.6924728186240282,0.15243582347371934,0.5400369951503089,0.6895633516784176,0.6719931104766013,0.13732637755359847,0.16112552946579248,0.056453171688413045,0.14741573846760186,0.06706802074877764,
feature_geometric,stemfinal_differ,0,enc0,mlp,12,0.672772351975981,0.20262000956819093,0.47015234240779,0.6701940094640455,0.6719931104766013,0.17536372374518353,0.13554373981845022,0.05659418297715265,0.21481933498519043,0.06706802074877764,
feature_geometric,stemfinal_differ,1,enc1,mlp,12,0.7074846622911138,0.23369265891389324,0.47379200337722055,0.705060872440749,0.6719931104766013,0.15656328575766357,0.16816606890308705,0.035128807573055906,0.18877150264918277,0.06706802074877764,
feature_geometric,stemfinal_differ,2,enc2,mlp,12,0.7392347641158126,0.22699058921238022,0.5122441749034323,0.7301902272611155,0.6719931104766013,0.16266643465598155,0.18675293634364434,0.03852650145097253,0.1757044574734984,0.06706802074877764,
feature_geometric,stemfinal_differ,3,enc3,mlp,12,0.7680003360215054,0.3070598666689885,0.4609404693525168,0.7585674375250969,0.6719931104766013,0.17169528558968064,0.18677092455102912,0.03909808846601517,0.1896116597913135,0.06706802074877764,
feature_geometric,stemfinal_differ,100,dec0,mlp,12,0.7373571937694922,0.22680930036939162,0.5105478934001005,0.7340057673484387,0.6719931104766013,0.19300178122865644,0.18690159765488296,0.018885878721961624,0.1936102078296956,0.06706802074877764,
feature_geometric,stemfinal_differ,101,dec1,mlp,12,0.8003408106603671,0.3148278589719461,0.48551295168842096,0.8016345256472003,0.6719931104766013,0.16619062013562286,0.16892711133612598,0.027269073995794254,0.1622210833961858,0.06706802074877764,
feature_geometric,stemfinal_differ,102,dec2,mlp,12,0.7601757770679142,0.2593954501344939,0.5007803269334202,0.7606885188284623,0.6719931104766013,0.14762261507801167,0.11135080264192629,0.08836246151596011,0.15321044384154908,0.06706802074877764,
feature_geometric,stemfinal_differ,103,dec3,mlp,12,0.6919348797110892,0.17386970396224385,0.5180651757488455,0.6859008975613062,0.6719931104766013,0.1423789679238694,0.20744870872363771,0.08289720682147621,0.1580604540947886,0.06706802074877764,
feature_geometric,stemfinal_same,0,enc0,linear,12,0.6013529279191352,0.1202004675817596,0.4811524603373756,0.8928156482545067,0.9664402502608033,0.14497920382295673,0.11204289708754823,0.047790596189824286,0.05689228064901403,0.006704415254260537,
feature_geometric,stemfinal_same,1,enc1,linear,12,0.6095237195495504,0.11714935067763667,0.4923743688719137,0.888694309278344,0.9664402502608033,0.1466472858390301,0.13314837728864254,0.028096229228642626,0.057440348992335875,0.006704415254260537,
feature_geometric,stemfinal_same,2,enc2,linear,12,0.6318877214451497,0.13392759738019863,0.4979601240649511,0.9004424056685939,0.9664402502608033,0.15778046309428856,0.16351210305135921,0.015049304231713244,0.048285873431920076,0.006704415254260537,
feature_geometric,stemfinal_same,3,enc3,linear,12,0.6844417443576422,0.18515945588321162,0.4992822884744305,0.9337674017361772,0.9664402502608033,0.11941468741204482,0.1243648422001968,0.020052330358826243,0.02702578714136738,0.006704415254260537,
feature_geometric,stemfinal_same,100,dec0,linear,12,0.6149540797862302,0.11687834564702254,0.4980757341392077,0.9167906055471176,0.9664402502608033,0.14987403321358547,0.1743031318088107,0.032426173825669063,0.05402068165247292,0.006704415254260537,
feature_geometric,stemfinal_same,101,dec1,linear,12,0.6621713463172573,0.16452813791407975,0.4976432084031775,0.9350311822809546,0.9664402502608033,0.14602862682957843,0.16185576014293243,0.023307896264695004,0.04577359383427792,0.006704415254260537,
feature_geometric,stemfinal_same,102,dec2,linear,12,0.6660005974087673,0.1804350578814583,0.4855655395273089,0.9323403295970766,0.9664402502608033,0.15376308938769637,0.1444816845415209,0.0297566416466726,0.033886197796921466,0.006704415254260537,
feature_geometric,stemfinal_same,103,dec3,linear,12,0.6260134274631779,0.11751891033671773,0.5084945171264602,0.8975457169697066,0.9664402502608033,0.15167484245870735,0.1757570076648543,0.03406907353160297,0.05282114723897098,0.006704415254260537,
feature_geometric,stemfinal_same,0,enc0,mlp,12,0.5947780710078252,0.08289389340586938,0.5118841776019558,0.9037453283011739,0.9664402502608033,0.1421334037026048,0.133698753711041,0.024365859759159513,0.03168821685514993,0.006704415254260537,
feature_geometric,stemfinal_same,1,enc1,mlp,12,0.6122489596066222,0.10579364599854008,0.506455313608082,0.9154752717947904,0.9664402502608033,0.11470826998278219,0.11656167609391331,0.01631845408380064,0.02885399090404669,0.006704415254260537,
feature_geometric,stemfinal_same,2,enc2,mlp,12,0.6470513443183623,0.1438050368735299,0.5032463074448325,0.9128924691022947,0.9664402502608033,0.11360794391367496,0.13234999384078547,0.02855374252650484,0.025888633681891357,0.006704415254260537,
feature_geometric,stemfinal_same,3,enc3,mlp,12,0.667500091892744,0.16939808326380992,0.4981020086289339,0.9253456951590505,0.9664402502608033,0.09051885093631266,0.08646405911998216,0.028965081889751724,0.018768127394941474,0.006704415254260537,
feature_geometric,stemfinal_same,100,dec0,mlp,12,0.6317535922662111,0.13188444718294196,0.49986914508326913,0.9203189787229689,0.9664402502608033,0.13296362855833857,0.1448163712967067,0.019105916263437602,0.04215643689226623,0.006704415254260537,
feature_geometric,stemfinal_same,101,dec1,mlp,12,0.692651605217644,0.18551740445868617,0.5071342007589578,0.9421182096043254,0.9664402502608033,0.11709665790738365,0.1198548699856798,0.012588417476080107,0.03223408347403855,0.006704415254260537,
feature_geometric,stemfinal_same,102,dec2,mlp,12,0.6708661010536304,0.19165934744028515,0.47920675361334514,0.9362904477927677,0.9664402502608033,0.1389141143137871,0.13625649897006303,0.014976803121565869,0.034236401998401354,0.006704415254260537,
feature_geometric,stemfinal_same,103,dec3,mlp,12,0.6153969821614275,0.1225986794696058,0.4927983026918216,0.9062372908354037,0.9664402502608033,0.15405456155144168,0.1335600753782611,0.030570073910065918,0.049824625343398085,0.006704415254260537,
feature_invariant,all,0,enc0,linear,12,0.6843131121824304,0.19601774334737634,0.488295368835054,0.8572770285270286,0.8939393939393939,0.10628746740591387,0.12245890051414944,0.022814435626925405,0.06218594608729678,0.0,
feature_invariant,all,1,enc1,linear,12,0.6872451790633609,0.18263075724297884,0.504614421820382,0.8535687923187923,0.8939393939393939,0.11179420749195601,0.11693298157510769,0.011119414486349179,0.06485805679581035,0.0,
feature_invariant,all,2,enc2,linear,12,0.7047097872666055,0.20277541459650728,0.5019343726700981,0.8648544511044512,0.8939393939393939,0.10210162172860872,0.09945313436760587,0.016369826534727773,0.060791761086844434,0.0,
feature_invariant,all,3,enc3,linear,12,0.702461834251607,0.21352521144374728,0.4889366228078597,0.8681984681984681,0.8939393939393939,0.09977371461129884,0.11934734984865128,0.02672495101288492,0.06120262503283501,0.0,
feature_invariant,all,100,dec0,linear,12,0.7055108853688399,0.19552167553106684,0.5099892098377731,0.8746554834054834,0.8939393939393939,0.07817650529365099,0.10412759534197233,0.029333123819297726,0.04219568707988087,0.0,
feature_invariant,all,101,dec1,linear,12,0.7434035430058157,0.23137965110612493,0.5120238918996908,0.8899111999111998,0.8939393939393939,0.10873553487900131,0.13510221502965988,0.03600279312774349,0.04197007145834216,0.0,
feature_invariant,all,102,dec2,linear,12,0.756099919651056,0.2648555695855474,0.4912443500655086,0.8935309135309136,0.8939393939393939,0.11462375059648051,0.11280620340935706,0.017590912822954784,0.05030768416516936,0.0,
feature_invariant,all,103,dec3,linear,12,0.6652643862871136,0.1794809469322098,0.4857834393549037,0.8367884892884893,0.8939393939393939,0.1221986471275277,0.1189688803989393,0.013088259034873519,0.07332915474287512,0.0,
feature_invariant,all,0,enc0,mlp,12,0.5978141261095806,0.11785789785705834,0.4799562282525223,0.8317454767454767,0.8939393939393939,0.14161662240568343,0.14909183810298207,0.024486717768120288,0.06108499202450849,0.0,
feature_invariant,all,1,enc1,mlp,12,0.6371672214569942,0.1298782192202337,0.5072890022367604,0.8477007714507714,0.8939393939393939,0.11355312162739081,0.10851317528977951,0.010074756175352358,0.05352074445956052,0.0,
feature_invariant,all,2,enc2,mlp,12,0.6353396655953475,0.13709396821603012,0.49824569737931723,0.8527096514596515,0.8939393939393939,0.11534199061307344,0.11497664163756152,0.008542624947246122,0.05577959443637647,0.0,
feature_invariant,all,3,enc3,mlp,12,0.6445565503520049,0.1387729483380693,0.5057836020139356,0.8670156232656231,0.8939393939393939,0.09888536012938759,0.09419492204575967,0.022368655633024807,0.042992689009104815,0.0,
feature_invariant,all,100,dec0,mlp,12,0.685267925466789,0.17679453249803426,0.5084733929687547,0.8701556776556777,0.8939393939393939,0.08744837101518954,0.10986373171922169,0.02831745419490411,0.04189931212625733,0.0,
feature_invariant,all,101,dec1,mlp,12,0.7074633647076829,0.19667376573083287,0.51078959897685,0.8820670995670996,0.8939393939393939,0.10895372300059471,0.11745756356233701,0.022368305419585146,0.04068754734473282,0.0,
feature_invariant,all,102,dec2,mlp,12,0.7210232055402509,0.2156617956332826,0.5053614099069684,0.8802874902874902,0.8939393939393939,0.11971322352557687,0.12131691808145063,0.014961991053599537,0.055676169528562455,0.0,
feature_invariant,all,103,dec3,mlp,12,0.6245897421181512,0.09359265972181141,0.5309970823963398,0.8278058053058053,0.8939393939393939,0.14582712801787684,0.15607165713107235,0.02264434596044306,0.06759739796068491,0.0,
feature_invariant,stemfinal_differ,0,enc0,linear,12,0.64401030271998,0.10704756436341457,0.5369627383565655,0.6478529011759807,0.6719931104766013,0.1783298897757276,0.2082743029395543,0.05198040710778607,0.19238603977248825,0.06706802074877764,
feature_invariant,stemfinal_differ,1,enc1,linear,12,0.674825046257506,0.07612452801556008,0.5987005182419458,0.6757173781071023,0.6719931104766013,0.18092676315530834,0.17220438903389315,0.07450746844976733,0.2119300744031962,0.06706802074877764,
feature_invariant,stemfinal_differ,2,enc2,linear,12,0.7251582777661407,0.2164146233580115,0.5087436544081291,0.7218374899562869,0.6719931104766013,0.18830871754523945,0.18155541914839957,0.06674094172070788,0.2106639216651507,0.06706802074877764,
feature_invariant,stemfinal_differ,3,enc3,linear,12,0.7495242357329049,0.20336407293359252,0.5461601627993126,0.7324761401141583,0.6719931104766013,0.19181700407067778,0.20825439108652566,0.06225605746043461,0.2105412213654814,0.06706802074877764,
feature_invariant,stemfinal_differ,100,dec0,linear,12,0.7253465429060187,0.1792441346440631,0.5461024082619556,0.7103725472375269,0.6719931104766013,0.15121286433549747,0.16662808608555119,0.05037516061623019,0.15356668917139005,0.06706802074877764,
feature_invariant,stemfinal_differ,101,dec1,linear,12,0.7960685396592654,0.3176442313568989,0.4784243083023665,0.7908699343965234,0.6719931104766013,0.17245437538314737,0.14405552245496195,0.06503429603532113,0.17159466278207952,0.06706802074877764,
feature_invariant,stemfinal_differ,102,dec2,linear,12,0.7516416580358113,0.2605167391293027,0.49112491890650856,0.7402511547124969,0.6719931104766013,0.13774970138714854,0.13826506036970534,0.04492324252885136,0.13420585007767746,0.06706802074877764,
feature_invariant,stemfinal_differ,103,dec3,linear,12,0.7150982394994491,0.17404220927662742,0.5410560302228217,0.7053426316826878,0.6719931104766013,0.1336836542449495,0.14011371308295378,0.032226266072735446,0.15197640573123086,0.06706802074877764,
feature_invariant,stemfinal_differ,0,enc0,mlp,12,0.6821483047642322,0.2207532551323803,0.4613950496318518,0.6879292334435402,0.6719931104766013,0.1660435620936633,0.1335182573654876,0.05044194225883336,0.19728733427734166,0.06706802074877764,
feature_invariant,stemfinal_differ,1,enc1,mlp,12,0.6993580432784062,0.2260271894182283,0.47333085386017787,0.7025435861833728,0.6719931104766013,0.16574562663966794,0.1604501899842253,0.0418668551323988,0.1974494379925141,0.06706802074877764,
feature_invariant,stemfinal_differ,2,enc2,mlp,12,0.7221797642321836,0.22012595434170038,0.5020538098904831,0.7333977408118012,0.6719931104766013,0.18029074556170427,0.21243278858846232,0.04255133413819859,0.2077468150303754,0.06706802074877764,
feature_invariant,stemfinal_differ,3,enc3,mlp,12,0.7642965091584043,0.28993909157269765,0.4743574175857066,0.7672010587377655,0.6719931104766013,0.19410072729321443,0.2179540368927694,0.03570314877892053,0.215000628144394,0.06706802074877764,
feature_invariant,stemfinal_differ,100,dec0,mlp,12,0.7723270027463576,0.2622658763759343,0.5100611263704232,0.7651027284444686,0.6719931104766013,0.155074601478904,0.15169903388034323,0.023715405892522936,0.1645668934388142,0.06706802074877764,
feature_invariant,stemfinal_differ,101,dec1,mlp,12,0.825786044003786,0.3386865196273073,0.48709952437647863,0.8261654532261083,0.6719931104766013,0.15058147147749676,0.16540996664231045,0.018376870026131944,0.1545261822401963,0.06706802074877764,
feature_invariant,stemfinal_differ,102,dec2,mlp,12,0.7853968220026687,0.28195582798803737,0.5034409940146314,0.7859792495481982,0.6719931104766013,0.12764587012977405,0.11918702757331967,0.040794669547791436,0.140321322054033,0.06706802074877764,
feature_invariant,stemfinal_differ,103,dec3,mlp,12,0.7145053928299897,0.20523054968632326,0.5092748431436663,0.7048103861756022,0.6719931104766013,0.14155679063817436,0.19564822355812184,0.07005322689361833,0.1730619705076236,0.06706802074877764,
feature_invariant,stemfinal_same,0,enc0,linear,12,0.5839204003351111,0.10906466646195932,0.4748557338731518,0.8640909170425682,0.9664402502608033,0.16545510098453656,0.14172168810985794,0.040610407999964945,0.07021340186674416,0.006704415254260537,
feature_invariant,stemfinal_same,1,enc1,linear,12,0.5943859944902403,0.1124197788306961,0.4819662156595442,0.8777125532003772,0.9664402502608033,0.1702567743646706,0.1646994129258133,0.027490881197424016,0.06448798300307451,0.006704415254260537,
feature_invariant,stemfinal_same,2,enc2,linear,12,0.5977184076479664,0.09402500470927412,0.5036934029386922,0.8807156708540121,0.9664402502608033,0.15579583223118854,0.1672472096047906,0.01843139517673651,0.0707305434899363,0.006704415254260537,
feature_invariant,stemfinal_same,3,enc3,linear,12,0.6136982499506993,0.10908137501657521,0.5046168749341241,0.8905985040256256,0.9664402502608033,0.12873607399513776,0.1303126363413216,0.013862381715470752,0.06231848379725299,0.006704415254260537,
feature_invariant,stemfinal_same,100,dec0,linear,12,0.6351677501225635,0.13034277415049833,0.5048249759720652,0.9216991798922968,0.9664402502608033,0.13272205909894252,0.15434615367796167,0.03671655415460794,0.04520790927064576,0.006704415254260537,
feature_invariant,stemfinal_same,101,dec1,linear,12,0.6737720711802968,0.17103955134658752,0.5027325198337093,0.9343453246756651,0.9664402502608033,0.14801120960696826,0.16324728777888908,0.025176864319652423,0.048979146093716626,0.006704415254260537,
feature_invariant,stemfinal_same,102,dec2,linear,12,0.6808351710342156,0.194818645124052,0.4860165259101635,0.9378810687570134,0.9664402502608033,0.15014043922404724,0.1477646405828253,0.03608247190058538,0.04476955079531024,0.006704415254260537,
feature_invariant,stemfinal_same,103,dec3,linear,12,0.6380249329491247,0.12495400065609948,0.5130709322930251,0.9069737366031343,0.9664402502608033,0.13848332529994625,0.15552991227265134,0.029443201224622104,0.05027410667939583,0.006704415254260537,
feature_invariant,stemfinal_same,0,enc0,mlp,12,0.5754275932793215,0.06634974480532725,0.5090778484739942,0.8907891069105037,0.9664402502608033,0.1548607221393213,0.14760791424738492,0.011452665777279826,0.03888039116156354,0.006704415254260537,
feature_invariant,stemfinal_same,1,enc1,mlp,12,0.5846563566943612,0.07043104920196441,0.5142253074923968,0.9043165931050928,0.9664402502608033,0.145046225379172,0.14966751119207608,0.011417424160493352,0.03164824994345883,0.006704415254260537,
feature_invariant,stemfinal_same,2,enc2,mlp,12,0.6214718122171338,0.12062195730914692,0.5008498549079868,0.9154313959115039,0.9664402502608033,0.12142451646258375,0.14211775995589912,0.027995124678498597,0.02741527537040529,0.006704415254260537,
feature_invariant,stemfinal_same,3,enc3,mlp,12,0.6365795551699779,0.1397092864546517,0.4968702687153262,0.9177959269284427,0.9664402502608033,0.10424414070021207,0.09615984500335908,0.02763803240309368,0.031030659136499023,0.006704415254260537,
feature_invariant,stemfinal_same,100,dec0,mlp,12,0.6355191042567045,0.1294872421509579,0.5060318621057466,0.9115807144810913,0.9664402502608033,0.1319096348510001,0.1503924032004482,0.022120393014641113,0.04363649741157253,0.006704415254260537,
feature_invariant,stemfinal_same,101,dec1,mlp,12,0.6637971338462927,0.149221428670165,0.5145757051761276,0.92537727267305,0.9664402502608033,0.14469665350361266,0.15371143693573763,0.016867224412050828,0.044231983005301574,0.006704415254260537,
feature_invariant,stemfinal_same,102,dec2,mlp,12,0.6625869994212275,0.183895296948817,0.4786917024724104,0.9285149890075801,0.9664402502608033,0.15694697390822207,0.15003913742053834,0.018765601007029887,0.0504880519508726,0.006704415254260537,
feature_invariant,stemfinal_same,103,dec3,mlp,12,0.609127013998282,0.11212709527399138,0.4969999187242906,0.8961306481301654,0.9664402502608033,0.1519634671684104,0.12833328639112193,0.03281672877268719,0.05365347352577156,0.006704415254260537,
independent_feature,all,0,enc0,linear,12,0.6830878864401592,0.19001239248810783,0.49307549395205125,0.8561348373848374,0.8939393939393939,0.08203566252468168,0.0894700955812577,0.0159788099019295,0.04688778245643522,0.0,
independent_feature,all,1,enc1,linear,12,0.7066710667278849,0.20089476803324466,0.5057762986946402,0.8543309468309469,0.8939393939393939,0.09019481907588336,0.09285885790989203,0.010593342460168582,0.0652558096813646,0.0,
independent_feature,all,2,enc2,linear,12,0.7039359504132232,0.20633475826253456,0.4976011921506885,0.8588876401376401,0.8939393939393939,0.11221537171165501,0.11480052976896177,0.015579517688974026,0.06580184468088837,0.0,
independent_feature,all,3,enc3,linear,12,0.7140868916437099,0.2289225592713121,0.4851643323723977,0.8754918692418693,0.8939393939393939,0.12198787960687707,0.1441522910006074,0.03521137568864614,0.0546985442104491,0.0,
independent_feature,all,100,dec0,linear,12,0.6414766031527396,0.13754413898959114,0.5039324641631483,0.8525564713064714,0.8939393939393939,0.09582932036335855,0.11145459085171895,0.020782698520101096,0.054754216287693,0.0,
independent_feature,all,101,dec1,linear,12,0.7162862526782982,0.20284444810720928,0.5134418045710888,0.8834931734931736,0.8939393939393939,0.09017480725985591,0.1255711011251165,0.039520630198651305,0.03953873024084318,0.0,
independent_feature,all,102,dec2,linear,12,0.7104752066115703,0.22445596599535633,0.4860192406162138,0.8776888389388389,0.8939393939393939,0.1276389854461157,0.11819451691777814,0.018825069189808055,0.05684535264176884,0.0,
independent_feature,all,103,dec3,linear,12,0.6715125688705235,0.18803356398945495,0.48347900488106843,0.8394939782439783,0.8939393939393939,0.12250388317939517,0.12847302363875823,0.018976165573673605,0.07463835525611574,0.0,
independent_feature,all,0,enc0,mlp,12,0.6027486034588307,0.123858690794787,0.47888991266404374,0.8400752025752026,0.8939393939393939,0.11871782062158308,0.12243701861958957,0.016166212345921728,0.04184952910005445,0.0,
independent_feature,all,1,enc1,mlp,12,0.6289508723599633,0.13105464511252593,0.49789622724743726,0.8404710567210567,0.8939393939393939,0.10312492102196566,0.09634865975332957,0.01433599246322713,0.057577655883861364,0.0,
independent_feature,all,2,enc2,mlp,12,0.6487497130394858,0.15921024893159952,0.48953946410788624,0.8551176601176601,0.8939393939393939,0.10507198853098058,0.11147409297585725,0.011962106889422962,0.05560281697377034,0.0,
independent_feature,all,3,enc3,mlp,12,0.6576989592898684,0.1587030828143393,0.49899587647552907,0.8732478632478632,0.8939393939393939,0.11321222133688551,0.11487871663846594,0.03442594497521925,0.04579890719330509,0.0,
independent_feature,all,100,dec0,mlp,12,0.6607493495561677,0.1535298255435462,0.5072195240126215,0.8728134365634367,0.8939393939393939,0.08746899356758592,0.10151586833678987,0.01944190829754932,0.0458085720010685,0.0,
independent_feature,all,101,dec1,mlp,12,0.7111778772574228,0.2042951290045083,0.5068827482529145,0.8870473970473971,0.8939393939393939,0.09890401064050752,0.09975451704544404,0.021924786610966862,0.04639669575653382,0.0,
independent_feature,all,102,dec2,mlp,12,0.6854239363330272,0.1793175103011202,0.506106426031907,0.8653635253635253,0.8939393939393939,0.136546653499567,0.13553245769285435,0.02539251712316624,0.05548732155452871,0.0,
independent_feature,all,103,dec3,mlp,12,0.6209877180899909,0.0831251860076008,0.53786253208239,0.8279660617160617,0.8939393939393939,0.12384815262662244,0.14257136255521954,0.029803533468672077,0.06244143418084117,0.0,
independent_feature,stemfinal_differ,0,enc0,linear,12,0.6496583519527067,0.11754060284708374,0.532117749105623,0.6465040635816909,0.6719931104766013,0.170474116989024,0.1945231116417478,0.037516830955835516,0.17072664899771067,0.06706802074877764,
independent_feature,stemfinal_differ,1,enc1,linear,12,0.6915756353861192,0.09059551280315274,0.6009801225829665,0.6761825265281901,0.6719931104766013,0.17862152489481092,0.14310938501727563,0.09745858833888002,0.17590898159696464,0.06706802074877764,
independent_feature,stemfinal_differ,2,enc2,linear,12,0.7303550758157612,0.20972523010755564,0.5206298457082056,0.7162680343768115,0.6719931104766013,0.17139230267346303,0.15535996156004023,0.06372654037521276,0.1834417047074594,0.06706802074877764,
independent_feature,stemfinal_differ,3,enc3,linear,12,0.7517616443816041,0.19832530698748252,0.5534363373941215,0.7354867081811763,0.6719931104766013,0.13657036425675675,0.17902716454401968,0.07347498929826551,0.13336761281754428,0.06706802074877764,
independent_feature,stemfinal_differ,100,dec0,linear,12,0.7036868134106037,0.15609750236637715,0.5475893110442266,0.7026094491988388,0.6719931104766013,0.1595590128551452,0.16858908964445823,0.037817389331916064,0.1661954623091143,0.06706802074877764,
independent_feature,stemfinal_differ,101,dec1,linear,12,0.7870650441628264,0.3180376126719286,0.46902743149089776,0.7837295244384479,0.6719931104766013,0.10284422654247252,0.1168324259123958,0.07225993734607147,0.10070994322869542,0.06706802074877764,
independent_feature,stemfinal_differ,102,dec2,linear,12,0.7731558717939766,0.2818659146385939,0.49128995715538265,0.7819413960874532,0.6719931104766013,0.0856828016956088,0.09597452485978061,0.05345170893337767,0.08539015271602407,0.06706802074877764,
independent_feature,stemfinal_differ,103,dec3,linear,12,0.7443870502257598,0.20431804349210894,0.5400690067336509,0.7370685270129417,0.6719931104766013,0.10059533740142496,0.11391425814748311,0.04134817885773051,0.11396178072174663,0.06706802074877764,
independent_feature,stemfinal_differ,0,enc0,mlp,12,0.683091330936089,0.22362603231508296,0.459465298621006,0.6686840332727702,0.6719931104766013,0.16538462460917014,0.13289919287225044,0.05490144638883905,0.20783731703569924,0.06706802074877764,
independent_feature,stemfinal_differ,1,enc1,mlp,12,0.6976210506563328,0.2206684145081019,0.47695263614823097,0.680233914789226,0.6719931104766013,0.18319098971659667,0.20798551794449135,0.0462373946344025,0.2150516918780554,0.06706802074877764,
independent_feature,stemfinal_differ,2,enc2,mlp,12,0.7647656999138853,0.2403369840385948,0.5244287158752906,0.75249153869869,0.6719931104766013,0.16643346783223917,0.19895448791375905,0.05635547863237901,0.20288736381239986,0.06706802074877764,
independent_feature,stemfinal_differ,3,enc3,mlp,12,0.7933472251314994,0.3346021670293022,0.45874505810219707,0.7794246727627251,0.6719931104766013,0.15345395509405504,0.16775639725767597,0.03664271634867918,0.1842697281782966,0.06706802074877764,
independent_feature,stemfinal_differ,100,dec0,mlp,12,0.7562020929339478,0.24916712610467298,0.5070349668292747,0.7497904411491149,0.6719931104766013,0.15689154444037276,0.16369738174108578,0.024428524572383595,0.17143924803413227,0.06706802074877764,
independent_feature,stemfinal_differ,101,dec1,mlp,12,0.8165630057293364,0.3213881758658137,0.49517482986352257,0.8185961720053304,0.6719931104766013,0.13129564655316267,0.14011080667087325,0.03284202202518542,0.13272620453620357,0.06706802074877764,
independent_feature,stemfinal_differ,102,dec2,mlp,12,0.7854531926406927,0.2938202574785407,0.49163293516215195,0.79356171240381,0.6719931104766013,0.10640066738975201,0.07478225354225836,0.07916399617463034,0.11084403095847378,0.06706802074877764,
independent_feature,stemfinal_differ,103,dec3,mlp,12,0.7160906414374156,0.19550027555488358,0.520590365882532,0.7138461671816483,0.6719931104766013,0.1321466546522858,0.18488605968517735,0.06207472229511938,0.14729366641539052,0.06706802074877764,
independent_feature,stemfinal_same,0,enc0,linear,12,0.5802557196420098,0.10182221388545075,0.47843350575655913,0.8824970281131383,0.9664402502608033,0.15938811258521593,0.13416880665779032,0.04151124579349804,0.05083678041160655,0.006704415254260537,
independent_feature,stemfinal_same,1,enc1,linear,12,0.5991455282014542,0.12100403797240983,0.4781414902290444,0.8925635765213334,0.9664402502608033,0.165243552445893,0.1557164216633645,0.026469652907665023,0.05967018678557353,0.006704415254260537,
independent_feature,stemfinal_same,2,enc2,linear,12,0.6013905832059352,0.10257312135068246,0.4988174618552528,0.8874838329690422,0.9664402502608033,0.16893423900467475,0.1735671363996754,0.01953883297776274,0.059117161894935794,0.006704415254260537,
independent_feature,stemfinal_same,3,enc3,linear,12,0.6227308016299696,0.11832292112861577,0.5044078805013538,0.9043850338598002,0.9664402502608033,0.15902921442218557,0.1669915827768998,0.013999989231485958,0.04706775041419992,0.006704415254260537,
independent_feature,stemfinal_same,100,dec0,linear,12,0.6132073401731032,0.1090912134389785,0.5041161267341246,0.9252514711326589,0.9664402502608033,0.14186762216302173,0.1627880721975462,0.02957674707606654,0.04025350440729045,0.006704415254260537,
independent_feature,stemfinal_same,101,dec1,linear,12,0.6430661179802891,0.13831953385210677,0.5047465841281823,0.9281495168598727,0.9664402502608033,0.1452752252110132,0.16420720387574528,0.023214865295850012,0.04957112482130545,0.006704415254260537,
independent_feature,stemfinal_same,102,dec2,linear,12,0.6630073572861938,0.17901703114254977,0.48399032614364396,0.9341042816664294,0.9664402502608033,0.1632668213142392,0.16213188552001673,0.03468569133375004,0.04631589510093956,0.006704415254260537,
independent_feature,stemfinal_same,103,dec3,linear,12,0.6265496620895944,0.12507717569385288,0.5014724863957415,0.9085594805548424,0.9664402502608033,0.14941183186087212,0.1650286327460934,0.02071933552056287,0.04464601858592412,0.006704415254260537,
independent_feature,stemfinal_same,0,enc0,mlp,12,0.5987202111254418,0.08193979219353047,0.5167804189319114,0.9085200037519385,0.9664402502608033,0.1395582656727934,0.1302504165241417,0.02026043842234728,0.02446318613513637,0.006704415254260537,
independent_feature,stemfinal_same,1,enc1,mlp,12,0.6048528168676682,0.09901155615433094,0.5058412607133373,0.9116255962998117,0.9664402502608033,0.1350592434421285,0.13051633762335524,0.011930310216341172,0.0345852406290694,0.006704415254260537,
independent_feature,stemfinal_same,2,enc2,mlp,12,0.6072336941499751,0.10874106582112315,0.498492628328852,0.906824164604476,0.9664402502608033,0.14516316931957135,0.16466672407473618,0.024591706152070663,0.03590657889421851,0.006704415254260537,
independent_feature,stemfinal_same,3,enc3,mlp,12,0.6242040451244857,0.1253343181281944,0.49886972699629123,0.913061885748364,0.9664402502608033,0.13692130250028686,0.13443277536513762,0.025180368326568548,0.03928398646086329,0.006704415254260537,
independent_feature,stemfinal_same,100,dec0,mlp,12,0.6301511418942426,0.12585076633426856,0.5043003755599741,0.9320140257368763,0.9664402502608033,0.13029628547619634,0.14291493445896064,0.019457153467417297,0.03559647227736855,0.006704415254260537,
independent_feature,stemfinal_same,101,dec1,mlp,12,0.6842281528710418,0.178736732616013,0.5054914202550288,0.9425990261146758,0.9664402502608033,0.11869452168138139,0.11996820665657223,0.010989440465410073,0.0359184892404291,0.006704415254260537,
independent_feature,stemfinal_same,102,dec2,mlp,12,0.668695730297519,0.18757520991395024,0.4811205203835689,0.9330715039754266,0.9664402502608033,0.1458475952716358,0.1427759865805512,0.017418539191586452,0.04742636694549093,0.006704415254260537,
independent_feature,stemfinal_same,103,dec3,mlp,12,0.6009241914800806,0.11054928335773336,0.49037490812234724,0.8979440499515624,0.9664402502608033,0.141258691088281,0.12249536627155187,0.028178588045793276,0.04860937171873382,0.006704415254260537,
vanilla,all,0,enc0,linear,12,0.6856704354147536,0.1886475550964187,0.4970228803183348,0.8594956432456433,0.8939393939393939,0.10042467874765353,0.12110052547574983,0.029224054010814238,0.05632587252099709,0.0,
vanilla,all,1,enc1,linear,12,0.7133578206305479,0.20983549510254051,0.5035223255280074,0.8799393661893662,0.8939393939393939,0.10711523488377907,0.12342715868602883,0.024692913991184593,0.05591141545928264,0.0,
vanilla,all,2,enc2,linear,12,0.7139218893480258,0.21477129247015614,0.49915059687786956,0.8808381895881895,0.8939393939393939,0.11103739754636818,0.11214289152651495,0.015141049461008685,0.05667281089417401,0.0,
vanilla,all,3,enc3,linear,12,0.7104648760330577,0.21701668197122734,0.49344819406183044,0.8812673437673437,0.8939393939393939,0.10875562958776004,0.12874542636757894,0.032905473459693045,0.053298749944700755,0.0,
vanilla,all,100,dec0,linear,12,0.7109158823079277,0.19370230716253442,0.5172135751453933,0.857691058941059,0.8939393939393939,0.08383681067462372,0.1136185980877833,0.0432215168520531,0.052307890560947125,0.0,
vanilla,all,101,dec1,linear,12,0.7183991429445974,0.21192711202938472,0.5064720309152128,0.8656428293928293,0.8939393939393939,0.09257680307754401,0.12814027146699056,0.04174518560965999,0.04994437413871646,0.0,
vanilla,all,102,dec2,linear,12,0.7239220806550352,0.24827129247015609,0.47565078818487905,0.8716677766677767,0.8939393939393939,0.10231481218200282,0.10074073001978147,0.014964830005564896,0.05428947256495479,0.0,
vanilla,all,103,dec3,linear,12,0.7080356596265687,0.2230869107744107,0.48494874885215794,0.8746263458763459,0.8939393939393939,0.1253818359042394,0.1254486549116207,0.02732924957647095,0.06322405306628039,0.0,
vanilla,all,0,enc0,mlp,12,0.5965843089990818,0.11822080655035201,0.47836350244872966,0.8252644577644578,0.8939393939393939,0.12009225731397291,0.132802430880738,0.016869999810830427,0.0456172226514778,0.0,
vanilla,all,1,enc1,mlp,12,0.5945368457300275,0.08574347643097639,0.5087933692990511,0.8303836441336442,0.8939393939393939,0.11672697535388292,0.11057245879322364,0.011056966668882026,0.054623351626478064,0.0,
vanilla,all,2,enc2,mlp,12,0.6030410162228345,0.10939979338842971,0.49364122283440465,0.8349229936729937,0.8939393939393939,0.10035294273188082,0.11058495045082109,0.01801117406513937,0.0479676616179577,0.0,
vanilla,all,3,enc3,mlp,12,0.6281567569635752,0.12878474135292314,0.499372015610652,0.8417977855477856,0.8939393939393939,0.1120818684866785,0.10689094734630755,0.03365827739251996,0.05098458639716967,0.0,
vanilla,all,100,dec0,mlp,12,0.6760003443526171,0.15238075834098563,0.5236195860116314,0.8441605616605616,0.8939393939393939,0.11053555896949312,0.1431010974053738,0.04391601390174218,0.045641186252638105,0.0,
vanilla,all,101,dec1,mlp,12,0.6773648415977961,0.17290914830119375,0.5044556932966023,0.8616401653901654,0.8939393939393939,0.11922500559985018,0.12319368314652838,0.017235759229483307,0.048122805230331134,0.0,
vanilla,all,102,dec2,mlp,12,0.6673192148760331,0.17505775558616465,0.49226145928986836,0.850525308025308,0.8939393939393939,0.13062650631340242,0.13913951173610217,0.018931292430131034,0.05690495192297502,0.0,
vanilla,all,103,dec3,mlp,12,0.6561138850627487,0.11490956917661461,0.541204315886134,0.8525374625374625,0.8939393939393939,0.126290457125837,0.1325243523505848,0.023751690057348673,0.05101389478509849,0.0,
vanilla,stemfinal_differ,0,enc0,linear,12,0.6304181950069047,0.07692454448219477,0.55349365052471,0.6335937335508341,0.6719931104766013,0.18494223570115267,0.22641028977934374,0.04558917013994349,0.19548142704410057,0.06706802074877764,
vanilla,stemfinal_differ,1,enc1,linear,12,0.6462272979410076,0.013640088317651575,0.632587209623356,0.6373931133713464,0.6719931104766013,0.15147978847018792,0.08604107332628609,0.08001094631095347,0.17909669294535693,0.06706802074877764,
vanilla,stemfinal_differ,2,enc2,linear,12,0.6691287078736675,0.15446288025634744,0.51466582761732,0.6566456906041147,0.6719931104766013,0.14258096801977363,0.1835982112673054,0.05335506729593532,0.1617597479694688,0.06706802074877764,
vanilla,stemfinal_differ,3,enc3,linear,12,0.699899601332061,0.15645084075754961,0.5434487605745114,0.6889425722533815,0.6719931104766013,0.17040000839141636,0.20161314105443004,0.07722108421883467,0.19135235470453438,0.06706802074877764,
vanilla,stemfinal_differ,100,dec0,linear,12,0.718888102414312,0.17877808762716352,0.5401100147871486,0.7095183704931803,0.6719931104766013,0.15595892422803967,0.1558981753932814,0.024673591557488238,0.1608619732377646,0.06706802074877764,
vanilla,stemfinal_differ,101,dec1,linear,12,0.7665561679583858,0.28828031385377867,0.478275854104607,0.7447072707572477,0.6719931104766013,0.12428884225079975,0.12482163921866699,0.083855245999847,0.14052725642296868,0.06706802074877764,
vanilla,stemfinal_differ,102,dec2,linear,12,0.7448834136293813,0.2548701245446153,0.490013289084766,0.7275243830566378,0.6719931104766013,0.13054285771326193,0.12182885253875131,0.048358876023137584,0.13804905900056857,0.06706802074877764,
vanilla,stemfinal_differ,103,dec3,linear,12,0.719074154564074,0.17766354620116323,0.5414106083629107,0.7048525268106999,0.6719931104766013,0.1267594607237887,0.10934610621671244,0.04309435811599572,0.1303223583888608,0.06706802074877764,
vanilla,stemfinal_differ,0,enc0,mlp,12,0.6367196955150584,0.1928211582805028,0.4438985372345556,0.6316840132581193,0.6719931104766013,0.16568174748712877,0.15691555183989037,0.020033551292725285,0.1836833066088386,0.06706802074877764,
vanilla,stemfinal_differ,1,enc1,mlp,12,0.6665542686853171,0.20162359275752162,0.46493067592779536,0.6545361635065655,0.6719931104766013,0.15278857961521833,0.16491133530616922,0.027395051392572242,0.17639105409118916,0.06706802074877764,
vanilla,stemfinal_differ,2,enc2,mlp,12,0.6922377141227948,0.1676140252644945,0.5246236888583002,0.6769092720038942,0.6719931104766013,0.14528874682052811,0.17138374510518511,0.04044384500585154,0.15669291593154583,0.06706802074877764,
vanilla,stemfinal_differ,3,enc3,mlp,12,0.701790575687753,0.2563310104137723,0.44545956527398073,0.6878768597274258,0.6719931104766013,0.15376569179954103,0.1837310727013701,0.0539270404080336,0.16491335589564066,0.06706802074877764,
vanilla,stemfinal_differ,100,dec0,mlp,12,0.7580232873085695,0.25518236851837683,0.5028409187901927,0.7610108496092551,0.6719931104766013,0.15477245109518864,0.13876620183481622,0.04434159672727507,0.16126906417759843,0.06706802074877764,
vanilla,stemfinal_differ,101,dec1,mlp,12,0.7962687236225543,0.3083289313832274,0.48793979223932676,0.7853331592692693,0.6719931104766013,0.114299961058467,0.12326200395254895,0.033795571979296855,0.13061917905455464,0.06706802074877764,
vanilla,stemfinal_differ,102,dec2,mlp,12,0.7537219846312588,0.24705670576998606,0.5066652788612728,0.7480451502099682,0.6719931104766013,0.11772221441601367,0.12004147928353943,0.08111024622519973,0.11366310184406614,0.06706802074877764,
vanilla,stemfinal_differ,103,dec3,mlp,12,0.7096501051218794,0.1593978933897391,0.5502522117321402,0.7005515265485656,0.6719931104766013,0.1047789033597701,0.1406095938837388,0.050479054669569506,0.09966939177754938,0.06706802074877764,
vanilla,stemfinal_same,0,enc0,linear,12,0.596362415048712,0.12280846315939613,0.4735539518893159,0.8769515453547848,0.9664402502608033,0.15612114965402626,0.12269302910605473,0.03655781352391503,0.05973672914599426,0.006704415254260537,
vanilla,stemfinal_same,1,enc1,linear,12,0.6295321162329445,0.14645711119974789,0.4830750050331966,0.8958898083322134,0.9664402502608033,0.15058038311251398,0.12557745446016771,0.0423239642977658,0.06152038697594536,0.006704415254260537,
vanilla,stemfinal_same,2,enc2,linear,12,0.6430241018716755,0.13676638837661984,0.5062577134950557,0.9023703512890929,0.9664402502608033,0.1596797947803156,0.16814265005352655,0.011693044904318427,0.05689668873776021,0.006704415254260537,
vanilla,stemfinal_same,3,enc3,linear,12,0.6471074788985023,0.13261524109843312,0.5144922378000691,0.9134571377538464,0.9664402502608033,0.14840789903046864,0.1495438190032376,0.01911568210405544,0.050656411820150585,0.006704415254260537,
vanilla,stemfinal_same,100,dec0,linear,12,0.6378627787151372,0.13436577043141082,0.5034970082837263,0.9176737147296118,0.9664402502608033,0.14909907435679798,0.1555915445818489,0.02678989208021752,0.043006233260117675,0.006704415254260537,
vanilla,stemfinal_same,101,dec1,linear,12,0.6511854020758967,0.14844410214763296,0.5027412999282638,0.9097672168151241,0.9664402502608033,0.1410864620160529,0.16434793150466978,0.03534434139887796,0.047883238391489266,0.006704415254260537,
vanilla,stemfinal_same,102,dec2,linear,12,0.6479576032734505,0.17632703633624747,0.471630566937203,0.9139107778998042,0.9664402502608033,0.1539488087458563,0.14983805194863403,0.0310631283729604,0.05054656768985955,0.006704415254260537,
vanilla,stemfinal_same,103,dec3,linear,12,0.6305287845989186,0.12053084187658254,0.509997942722336,0.9177812259751641,0.9664402502608033,0.14871622678014532,0.16253794203777616,0.03293955473577957,0.054146448610574806,0.006704415254260537,
vanilla,stemfinal_same,0,enc0,mlp,12,0.565458122706511,0.04554588773829018,0.5199122349682208,0.8804032944632093,0.9664402502608033,0.1494124111814051,0.15426189520924352,0.031183574082706434,0.03615980402113423,0.006704415254260537,
vanilla,stemfinal_same,1,enc1,mlp,12,0.5850482230489079,0.06931194567950003,0.515736277369408,0.9003551279408731,0.9664402502608033,0.14538850889284313,0.1650833445596041,0.026877288715541632,0.037611448080215125,0.006704415254260537,
vanilla,stemfinal_same,2,enc2,mlp,12,0.5869044314680075,0.07429773234800137,0.5126066991200061,0.8938749161637894,0.9664402502608033,0.14102270720480403,0.17243065164380442,0.03735544153312167,0.03872316973802393,0.006704415254260537,
vanilla,stemfinal_same,3,enc3,mlp,12,0.6131386741175947,0.11036154572253694,0.5027771283950578,0.9007476338409671,0.9664402502608033,0.12485858029797721,0.1375739445939552,0.024288815448250414,0.03345869513759068,0.006704415254260537,
vanilla,stemfinal_same,100,dec0,mlp,12,0.6233900038814325,0.11696421462665041,0.5064257892547821,0.906939815488796,0.9664402502608033,0.15109543780610785,0.1556528856722031,0.016073348743432723,0.03409555882478848,0.006704415254260537,
vanilla,stemfinal_same,101,dec1,mlp,12,0.6331484713343273,0.12418244458747735,0.50896602674685,0.9119195184693495,0.9664402502608033,0.1460087013445579,0.1440085013288793,0.018027168117048818,0.0343236282073209,0.006704415254260537,
vanilla,stemfinal_same,102,dec2,mlp,12,0.6264915575433551,0.12909400214318853,0.49739755540016645,0.9078172818646667,0.9664402502608033,0.14175630857416913,0.13530465331867272,0.02550679036114503,0.039550822065856514,0.006704415254260537,
vanilla,stemfinal_same,103,dec3,mlp,12,0.5856350670852791,0.08405345457023743,0.5015816125150417,0.8955285533479177,0.9664402502608033,0.14558670679387103,0.13932371150285247,0.03765861830598437,0.04627055486308182,0.006704415254260537,
ngram,all,201,lm1-all,lm1-all,11,0.5697166917104934,0.0850503380916605,0.48466635361883287,0.7229161747343565,0.893939393939394,0.1568973817871385,0.20217135173169376,0.08390139729471108,0.13511746250952247,0.0,1.0
ngram,all,201,lm1-src,lm1-src,11,0.5715429084230738,0.1081210869020786,0.46342182152099504,0.7207640844004481,0.893939393939394,0.15533505627521066,0.1502310280102313,0.013808284816802584,0.13480545487755946,0.0,1.0
ngram,all,201,lm1-tgt,lm1-tgt,11,0.567188934802571,0.04090564738292005,0.5262832874196511,0.7120795870795871,0.893939393939394,0.15418681745149804,0.1807318387066439,0.040402586492436,0.13291134121742906,0.0,1.0
ngram,all,202,lm2-all,lm2-all,11,0.6134526045579765,0.14540940395692456,0.4680432006010518,0.8175370084460993,0.893939393939394,0.016163337078621363,0.018106017477091303,0.013833273600697747,0.03503731229922139,0.0,2.0
ngram,all,202,lm2-src,lm2-src,11,0.6135894064613073,0.129256615744219,0.48433279071708824,0.8190612417885145,0.893939393939394,0.006927326104631663,0.005082743113256563,0.0026025880870679846,0.03553266771953472,0.0,2.0
ngram,all,202,lm2-tgt,lm2-tgt,11,0.6105199724517906,0.1267998163452708,0.4837201561065197,0.8090243090243091,0.893939393939394,0.011158333162145456,0.030974388821157415,0.027165112970320354,0.04205928142037776,0.0,2.0
ngram,all,203,lm3-all,lm3-all,11,0.6542478504048752,0.1505766967192587,0.5036711536856164,0.8934883298519662,0.893939393939394,0.003712952899501863,0.026640597730115175,0.028588856813379,0.026344037679678738,0.0,3.0
ngram,all,203,lm3-src,lm3-src,11,0.6588488187661741,0.13485704148927286,0.5239917772769013,0.8917446190173464,0.893939393939394,0.0008118328218213549,0.02659721559971356,0.027290654457596226,0.027428491552302432,0.0,3.0
ngram,all,203,lm3-tgt,lm3-tgt,11,0.651216712580349,0.179777318640955,0.47143939393939394,0.8838744588744588,0.893939393939394,0.0034834633131619955,0.015182156802904162,0.012161541179841986,0.034056614152691046,0.0,3.0
ngram,all,201,ngram1-all,ngram1-all,11,0.6076330453293263,0.12524618081642874,0.48238686451289753,0.8162010716556171,0.893939393939394,0.1482224068869195,0.1361884931706118,0.034478490470907744,0.08692163404766783,0.0,1.0
ngram,all,201,ngram1-src,ngram1-src,11,0.6178760747975623,0.12819809666917104,0.4896779781283913,0.8264008718554173,0.893939393939394,0.14946741560740376,0.16772903352632967,0.028478048227757093,0.08326385010137509,0.0,1.0
ngram,all,201,ngram1-tgt,ngram1-tgt,11,0.5912075298438935,0.08838842975206619,0.5028191000918273,0.8341491841491842,0.893939393939394,0.15289532660328617,0.1467419500531119,0.012729122804883584,0.07567125772292946,0.0,1.0
ngram,all,202,ngram2-all,ngram2-all,11,0.6225556181651224,0.10543995742549464,0.5171156607396278,0.8969230769230769,0.893939393939394,0.1193291668162082,0.14126556018369785,0.03876155852433065,0.028279593692727024,0.0,2.0
ngram,all,202,ngram2-src,ngram2-src,11,0.6065207863761582,0.10526588196009685,0.5012549044160615,0.896903096903097,0.893939393939394,0.11929693733509875,0.13424452502984713,0.015243156691503201,0.02809054897872417,0.0,2.0
ngram,all,202,ngram2-tgt,ngram2-tgt,11,0.5842745638200184,0.09060491276400374,0.4936696510560147,0.8955710955710955,0.893939393939394,0.09326809813732508,0.09626515735357567,0.0056061324749899395,0.019093846795606762,0.0,2.0
ngram,all,203,ngram3-all,ngram3-all,11,0.5864936555639034,0.09157310710409874,0.49492054845980465,0.9039030666303394,0.893939393939394,0.09247558757535738,0.08615199338274268,0.006490428881878747,0.016092552052944097,0.0,3.0
ngram,all,203,ngram3-src,ngram3-src,11,0.5760852324901912,0.08341931713832539,0.49266591535186577,0.9030121393757757,0.893939393939394,0.0887471725205891,0.08537665676502709,0.008309269359085715,0.01671940495482025,0.0,3.0
ngram,all,203,ngram3-tgt,ngram3-tgt,11,0.555171028466483,0.04652089072543612,0.5086501377410468,0.8981518481518481,0.893939393939394,0.057449269164734605,0.07783478790100719,0.023022242308442332,0.012473577528494612,0.0,3.0
ngram,stemfinal_differ,201,lm1-all,lm1-all,11,0.607687840385421,0.0972068348252686,0.5104810055601523,0.6013798318041063,0.6799053734953655,0.17517635187673264,0.19224799348924504,0.017071709280700394,0.22333788756866776,0.06419937529013305,1.0
ngram,stemfinal_differ,201,lm1-src,lm1-src,11,0.5998225806451613,0.09413890374147181,0.5056836769036894,0.599493089294037,0.6799053734953655,0.17786799039304776,0.27679198118158405,0.10366613864247515,0.21998581621895624,0.06419937529013305,1.0
ngram,stemfinal_differ,201,lm1-tgt,lm1-tgt,11,0.5930912740729456,0.14532849984490248,0.4477627742280431,0.5965161097739358,0.6799053734953655,0.17057306003787148,0.16524337477163473,0.016489619917258686,0.21123971087472704,0.06419937529013305,1.0
ngram,stemfinal_differ,202,lm2-all,lm2-all,11,0.7223912861332216,0.2793127858186743,0.4430785003145472,0.7202537323536601,0.6799053734953655,0.07144600245528293,0.05968055311936751,0.03941319023397453,0.08732628851133244,0.06419937529013305,2.0
ngram,stemfinal_differ,202,lm2-src,lm2-src,11,0.7152739206052989,0.21178376529752815,0.5034901553077707,0.7160269859738534,0.6799053734953655,0.08325889584239075,0.1577513835248813,0.07510504090695419,0.09407020377265317,0.06419937529013305,2.0
ngram,stemfinal_differ,202,lm2-tgt,lm2-tgt,11,0.6894812050119968,0.20144397154491644,0.4880372334670803,0.6951444117654005,0.6799053734953655,0.0960863160240384,0.17744785961675158,0.09045159944339304,0.09784208562227861,0.06419937529013305,2.0
ngram,stemfinal_differ,203,lm3-all,lm3-all,11,0.7692484289903646,0.29002969617924795,0.47921873281111654,0.7763449741524119,0.6799053734953655,0.12303084082968026,0.16002863218776123,0.04403110612487042,0.14076179811704229,0.06419937529013305,3.0
ngram,stemfinal_differ,203,lm3-src,lm3-src,11,0.7612534181361162,0.289607185325314,0.4716462328108022,0.7739121842155405,0.6799053734953655,0.12009568315315615,0.1554133857861739,0.0755412806142234,0.12828293365755333,0.06419937529013305,3.0
ngram,stemfinal_differ,203,lm3-tgt,lm3-tgt,11,0.7355598570539921,0.2617323495692188,0.47382750748477315,0.7433748071485909,0.6799053734953655,0.09466361933538048,0.11433331394540573,0.03128971735437416,0.09981858134472467,0.06419937529013305,3.0
ngram,stemfinal_differ,201,ngram1-all,ngram1-all,11,0.6558503256274517,0.17550210265880822,0.48034822296864355,0.6510122866819579,0.6799053734953655,0.17484344511196978,0.17313289649132624,0.031431434227379006,0.19943336788622654,0.06419937529013305,1.0
ngram,stemfinal_differ,201,ngram1-src,ngram1-src,11,0.6058416676187938,0.04005300966407463,0.5657886579547191,0.6011770507290123,0.6799053734953655,0.15287554589510235,0.16757512145195347,0.01470700462542895,0.1799687786345625,0.06419937529013305,1.0
ngram,stemfinal_differ,201,ngram1-tgt,ngram1-tgt,11,0.5924060123649567,0.06410767379724568,0.528298338567711,0.5896731428665288,0.6799053734953655,0.14275268696923607,0.1395504989581118,0.013860840209308776,0.16585387356647402,0.06419937529013305,1.0
ngram,stemfinal_differ,202,ngram2-all,ngram2-all,11,0.7146012111056099,0.20842937413109003,0.5061718369745198,0.6792400922683539,0.6799053734953655,0.17772928059151297,0.1449518654756494,0.03432549973993693,0.2065257283658835,0.06419937529013305,2.0
ngram,stemfinal_differ,202,ngram2-src,ngram2-src,11,0.6995813370402814,0.22259073536136373,0.47699060167891755,0.6663850789863327,0.6799053734953655,0.16636291538816386,0.1791008731485238,0.018716147126434254,0.19566372968498755,0.06419937529013305,2.0
ngram,stemfinal_differ,202,ngram2-tgt,ngram2-tgt,11,0.624008302547892,0.1829043315510856,0.44110397099680637,0.5993230427472196,0.6799053734953655,0.12362872585393232,0.23257353722432778,0.11000920650265429,0.1531914943034763,0.06419937529013305,2.0
ngram,stemfinal_differ,203,ngram3-all,ngram3-all,11,0.7769106650924833,0.21121416000123744,0.5656965050912458,0.7575680964740737,0.6799053734953655,0.16884530760280955,0.19033133525248286,0.028209628323519895,0.17614360844436192,0.06419937529013305,3.0
ngram,stemfinal_differ,203,ngram3-src,ngram3-src,11,0.746489444084752,0.3197237632443146,0.4267656808404373,0.7143188967690013,0.6799053734953655,0.1780962475098897,0.20240209991284006,0.08172484357347481,0.20105053118483615,0.06419937529013305,3.0
ngram,stemfinal_differ,203,ngram3-tgt,ngram3-tgt,11,0.6682274695001967,0.22019864470373687,0.44802882479645995,0.6395368505351668,0.6799053734953655,0.14372402884328847,0.23709131016411258,0.09386843359130352,0.15761004598582787,0.06419937529013305,3.0
ngram,stemfinal_same,201,lm1-all,lm1-all,11,0.540763239885588,0.06012188946706265,0.48064135041852557,0.7701026795278415,0.9668899890325033,0.17351254240875694,0.22547378965527254,0.05429303921145017,0.11420896575766958,0.006839166965585001,1.0
ngram,stemfinal_same,201,lm1-src,lm1-src,11,0.5399584524591443,0.017741085794323718,0.5222173666648207,0.7685440752925724,0.9668899890325033,0.17503463614780865,0.17032214680710528,0.008165163334190602,0.11528666102349792,0.006839166965585001,1.0
ngram,stemfinal_same,201,lm1-tgt,lm1-tgt,11,0.5379206247132605,0.02358246589789027,0.5143381588153703,0.7657798390243321,0.9668899890325033,0.1755554494320152,0.24975523836478195,0.0746567361838396,0.11375303971526296,0.006839166965585001,1.0
ngram,stemfinal_same,202,lm2-all,lm2-all,11,0.5244880138783253,0.07112404053286728,0.4533639733454579,0.8498535217583647,0.9668899890325033,0.04327445142613641,0.029289108020380213,0.028676598523914302,0.060003333856365075,0.006839166965585001,2.0
ngram,stemfinal_same,202,lm2-src,lm2-src,11,0.5297066721021052,0.018237889808515928,0.5114687822935893,0.84993272059303,0.9668899890325033,0.0517952840689375,0.04895667978375813,0.017624731221848575,0.061268087569862906,0.006839166965585001,2.0
ngram,stemfinal_same,202,lm2-tgt,lm2-tgt,11,0.5329207592857087,0.018657850326645905,0.5142629089590628,0.8474178394220558,0.9668899890325033,0.06094503903126966,0.08687266770483608,0.04906370277097657,0.06739502328124405,0.006839166965585001,2.0
ngram,stemfinal_same,203,lm3-all,lm3-all,11,0.5677587440526003,0.053415420456108635,0.5143433235964916,0.9271420426873256,0.9668899890325033,0.007280701550242723,0.015222891081698402,0.014655868539109138,0.01637796344936758,0.006839166965585001,3.0
ngram,stemfinal_same,203,lm3-src,lm3-src,11,0.5630946761818945,0.050705232082177004,0.5123894440997173,0.9241148611269184,0.9668899890325033,0.005647465451055541,0.01511236377797156,0.01808998270326072,0.014631236974650215,0.006839166965585001,3.0
ngram,stemfinal_same,203,lm3-tgt,lm3-tgt,11,0.5425284133897587,0.03606572053779477,0.5064626928519638,0.9112409030596228,0.9668899890325033,0.010149558356267269,0.018688128924556218,0.020639997568955196,0.01322736163509107,0.006839166965585001,3.0
ngram,stemfinal_same,201,ngram1-all,ngram1-all,11,0.5803789756278633,0.06750912334129984,0.5128698522865635,0.862880912772399,0.9668899890325033,0.1750091041856113,0.11099450562263949,0.06403627578386477,0.07545677398238698,0.006839166965585001,1.0
ngram,stemfinal_same,201,ngram1-src,ngram1-src,11,0.586440511974427,0.11009644154362103,0.476344070430806,0.8786996560200877,0.9668899890325033,0.18131309403773352,0.15113942087065468,0.031829779185219884,0.07713221336062985,0.006839166965585001,1.0
ngram,stemfinal_same,201,ngram1-tgt,ngram1-tgt,11,0.5872107110123622,0.08983346076701339,0.4973772502453489,0.902438135167382,0.9668899890325033,0.1817025146861384,0.21071059026079958,0.035549675276462425,0.061364195147405015,0.006839166965585001,1.0
ngram,stemfinal_same,202,ngram2-all,ngram2-all,11,0.5974114359959656,0.10722058764753975,0.4901908483484258,0.9507383592124363,0.9668899890325033,0.13521974623177974,0.13719615235555974,0.004917671420187547,0.01836911436251323,0.006839166965585001,2.0
ngram,stemfinal_same,202,ngram2-src,ngram2-src,11,0.5902072068872152,0.08182088488261886,0.5083863220045963,0.948696917044811,0.9668899890325033,0.1319330497756014,0.10765302889576284,0.024954319784440536,0.017504071176628378,0.006839166965585001,2.0
ngram,stemfinal_same,202,ngram2-tgt,ngram2-tgt,11,0.5598227666513242,0.06641153106515763,0.4934112355861666,0.9494161847174822,0.9668899890325033,0.10029321013753172,0.09948901724693582,0.0008175196986075709,0.01744257536357009,0.006839166965585001,2.0
ngram,stemfinal_same,203,ngram3-all,ngram3-all,11,0.5664133196547321,0.059530599997763556,0.5068827196569685,0.9654095376446914,0.9668899890325033,0.07316453153683755,0.05457584316238878,0.02038378388901969,0.0032359856038642718,0.006839166965585001,3.0
ngram,stemfinal_same,203,ngram3-src,ngram3-src,11,0.5617481588257668,0.04767702605696553,0.5140711327688012,0.9631677068087483,0.9668899890325033,0.08028627304824665,0.08627488617080784,0.006488721949840236,0.004782637652739874,0.006839166965585001,3.0
ngram,stemfinal_same,203,ngram3-tgt,ngram3-tgt,11,0.549712409021427,0.051674780550855365,0.49803762847057165,0.9641275220875745,0.9668899890325033,0.054660588870016145,0.06679116273483295,0.013907642370888297,0.007726578671253379,0.006839166965585001,3.0
